{"_runtime":77.540382646,"_step":3,"_wandb":{"runtime":82},"round":3,"eval/loss":2.0211803913116455,"eval/centralized_accuracy":0.3878830075263977,"_timestamp":1.7506938112300398e+09}