{"accuracy":1,"_timestamp":1.750339730895564e+09,"_runtime":29.684741995,"_step":3,"federated_evaluate_loss":2.1918931007385254,"_wandb":{"runtime":29}}