{"_runtime":77.278442321,"_step":3,"_wandb":{"runtime":82},"round":3,"eval/loss":1.0810303688049316,"eval/centralized_accuracy":0.6267409324645996,"_timestamp":1.750766190720577e+09}