{"round":3,"eval/loss":1.138476848602295,"eval/centralized_accuracy":0.605013906955719,"_timestamp":1.750345198399803e+09,"_runtime":73.573531968,"_step":3,"_wandb":{"runtime":78}}