{"_timestamp":1.7507659801592405e+09,"_wandb":{"runtime":80},"_runtime":75.488035287,"_step":3,"round":3,"eval/loss":2.4524011611938477,"eval/centralized_accuracy":0.3090529143810272}