{"eval/loss":1.0444352626800537,"eval/centralized_accuracy":0.6316155791282654,"_timestamp":1.7504270923402185e+09,"_runtime":79.809019023,"_step":3,"_wandb":{"runtime":84},"round":3}