{"_timestamp":1.750339923844321e+09,"_runtime":24.82348368,"_step":3,"_wandb":{"runtime":24}}