{"_wandb":{"runtime":86},"eval/loss":1.589470624923706,"eval/centralized_accuracy":0.44972145557403564,"_timestamp":1.750675013110003e+09,"_runtime":81.009023116,"_step":3,"round":3}