{"eval/centralized_accuracy":0.6316155791282654,"_timestamp":1.7506733887269683e+09,"_runtime":72.949872846,"_wandb":{"runtime":77},"_step":3,"round":3,"eval/loss":1.0606231689453125}