{"eval/loss":1.0325044393539429,"eval/centralized_accuracy":0.6204735636711121,"_timestamp":1.750766434959182e+09,"_runtime":76.142327295,"_step":3,"_wandb":{"runtime":81},"round":3}