{"eval/centralized_accuracy":0.06002785637974739,"_timestamp":1.7506735087313497e+09,"_runtime":73.717096832,"_step":3,"_wandb":{"runtime":78},"round":3,"eval/loss":2.2306175231933594}