{"eval/centralized_accuracy":0.06155988946557045,"_timestamp":1.7506701624202595e+09,"_runtime":92.501908604,"_wandb":{"runtime":98},"_step":3,"round":3,"eval/loss":2.279282569885254}