{"federated_evaluate": [{"round": 1, "federated_evaluate_loss": 2.2011078596115112, "federated_evaluate_accuracy": 0.18816155940294266}, {"round": 2, "federated_evaluate_loss": 3.2440669536590576, "federated_evaluate_accuracy": 0.2483983263373375}, {"round": 3, "federated_evaluate_loss": 2.7526170015335083, "federated_evaluate_accuracy": 0.4143454134464264}]}