{"round":3,"eval/loss":1.3954895734786987,"eval/centralized_accuracy":0.5444289445877075,"_timestamp":1.7507671745317159e+09,"_runtime":83.492900358,"_step":3,"_wandb":{"runtime":89}}