{"eval/centralized_accuracy":0.08245125412940979,"_timestamp":1.7506705951037896e+09,"_runtime":79.89710443,"_step":3,"_wandb":{"runtime":84},"round":3,"eval/loss":2.2777459621429443}