{"_timestamp":1.7506709051953568e+09,"_runtime":77.894846631,"_step":3,"_wandb":{"runtime":82},"round":3,"eval/loss":1.1319769620895386,"eval/centralized_accuracy":0.5988857746124268}