{"_wandb":{"runtime":80},"eval/centralized_accuracy":0.6089136600494385,"_timestamp":1.7506710744985702e+09,"_runtime":76.108249964,"_step":3,"round":3,"eval/loss":1.0921372175216675}