{"_runtime":74.689768099,"_step":3,"round":3,"_wandb":{"runtime":79},"eval/loss":0.9540932774543762,"eval/centralized_accuracy":0.700835645198822,"_timestamp":1.750419158373607e+09}