{"_wandb":{"runtime":16},"_timestamp":1.7503354424763463e+09,"_runtime":16.881076836,"_step":3}