{"federated_evaluate": [{"round": 1, "federated_evaluate_loss": 1.6663744449615479, "federated_evaluate_accuracy": 0.45967966318130493}, {"round": 2, "federated_evaluate_loss": 1.4483110308647156, "federated_evaluate_accuracy": 0.43064066767692566}, {"round": 3, "federated_evaluate_loss": 1.200896680355072, "federated_evaluate_accuracy": 0.5777158737182617}]}