{"_timestamp":1.7503347106113005e+09,"_runtime":17.058688291,"_step":3,"_wandb":{"runtime":17}}