{"federated_evaluate": [{"round": 1, "federated_evaluate_loss": 2.858186364173889, "federated_evaluate_accuracy": 0.10438718646764755}, {"round": 2, "federated_evaluate_loss": 4.305296778678894, "federated_evaluate_accuracy": 0.1173398345708847}, {"round": 3, "federated_evaluate_loss": 2.4435720443725586, "federated_evaluate_accuracy": 0.10313370823860168}]}