{"_timestamp":1.750427218998364e+09,"_runtime":77.555949502,"_step":3,"round":3,"eval/loss":2.2895736694335938,"eval/centralized_accuracy":0.08245125412940979,"_wandb":{"runtime":82}}