{"_wandb":{"runtime":54},"eval/loss":1.1328068971633911,"eval/centralized_accuracy":0.6622562408447266,"_timestamp":1.750342494810768e+09,"_runtime":50.276697659,"_step":3,"round":3}