{"_wandb":{"runtime":78},"eval/centralized_accuracy":0.7256267666816711,"_timestamp":1.750673260919162e+09,"_runtime":73.442983028,"_step":3,"round":3,"eval/loss":0.9173780083656311}